ticket_id,channel,category,root_cause,customer_message,true
TK-252962,chat,Delivery & Shipping,delivery,really frustrating. i bought replacement case on april 14. the courier marked it delivered but nobody in my house got anything. i alreaddy checked w/ neighbours. refund. now.,delivery
TK-251972,email,Warranty & Repair,product_defect,"Hey,
Pulse 2 purchased last week, order VR889280. The left one is dead every morning even though it was in the case all night.
I cleaned the contacts with a cloth. Nothing changed.
Waiting for your reply.
Awaiting response,",product_defect
TK-244307,email,Billing & Payments,other,my company accounts team is asking for the tax bill - waiting for your reply,billing
TK-247249,social,Returns & Refunds,billing,"Dear Sir/Madam,

I am writing with reference to my order of my Pulse 2 placed on 25-11-2025.  Lft earbud not charging, right one is fine. I have tried a different cable. I request you to process a refund to my original payment method.

Regards,
Rohan Kulkarni",product_defect
TK-244885,email,Other,other,"Hey, I bought my Strata 2 headphones on 03-10-2025. Payment was deducted but no order was created. I waited 24 hours. Nothing changed. Can someone fix this? Please revert, Neha",billing
TK-247963,email,Charging & Battery,warranty,Order VR897335 (the Pulse 2 earbuds). Left side not charging in the case. I tried another charger. I want a replacement. Rgds,product_defect
TK-246668,chat,Billing & Payments,other,the page failed after i paid and now nothing shows in my account,billing
TK-250031,chat,Other,other,"To the Vireo Customer Care Team,

I am writing w/ reference to my order of Pulse2 placed on 15-02-2026. Need to change delivery address. I have tried editing in app. I request u to provide a resolution within 3 working days.

Sincerely,
Jaspreet Sharma",other
TK-248361,email,Returns & Refunds,delivery,"still waiting for my refund
please resolve asaap",billing
TK-246896,email,Audio Quality,billing,"Not acceptable at this price.  Pulse 2 purchased a month ago, order VR900345. cracklign sound in the right side. I already changed EQ. This is the last time I buy from you.",delivery
TK-243040,chat,Delivery & Shipping,delivery,"I am losing patience. Strata 3 purchased a month ago, order VR887408. paid on 12-07-2025, still waiting for something to show up. I already checked the tracking page daily. Fix this or I am posting on twitter.",billing
TK-254478,chat,Billing & Payments,billing,your ad said 20% off and the cart says full price. VR891735,delivery
TK-242958,social,Other,other,"hi vireo support, ordred teh fit band in july. need to change delivery address. i tried editing in app. nothing changed. please help. please revert kavya dhillon",other
TK-243943,chat,App & Firmware,other,"Dear team,
Got Pulse earbuds from vireo.in 2 weeks ago. App not opening after update.
I updated phone.
Kindly lok into it.",other
TK-247679,chat,App & Firmware,other,"product: pulse 2
order: vr907259
purchased: 05-12-2025
issue: the vireo app keeps crashing
tried: updated phone
expected: fix",product_defect
TK-244102,chat,Other,billing,"Very poor quality. my Pulse purchased 3 weeks back, order VR885198. I have to charge it twice a day now, it used to last days. I already fully charged and discharged twice. Refund. Now.",product_defect
TK-250204,chat,Charging & Battery,other,"hey
the l bud is basically a paperweight now, r is fine
my pulse 2
anyone there",product_defect
TK-249864,social,Warranty & Repair,warranty,"Product: pulse 2 buds
Order: VR891280
Purchased: 14-12-2025
Issue: left one onlly works if I wiggle it in the caes slot
Tried: removed and reinerted it 10 times
Expected: replacement",product_defect
TK-250631,chat,Warranty & Repair,other,"team,
right side works perfectly, left one just does not wake up
please help karo
pulse 2 buds VR891758
urgent",other
TK-243218,email,Billing & Payments,billing,"Dear Sir/Madam,

I am writing w/ reference to my order of my Pulse (VR887419) placed on July 22.  Your ad said 20% off & the cart says full price. I have tried in caps. I request u to process a refund to my original payment method.

Yours faithfully,
Snehha Jain
Delhi",billing
TK-249377,chat,App & Firmware,billing,Really frustrating.  I bought pulse 2 buds on 18/11. since the last update the app just shows a white screen. I already cleared cache. Refund. Now.,delivery
TK-252620,email,Other,warranty,i moved houses yesterday and the order is going to the old flat - vr890360 - i want a replacement,other
TK-254012,chat,App & Firmware,how_to,not what i expectde from vireo. ordered pulse 2 buds arund diwali. firmware update stuck for 2 hours. i already kept phone nearby. this is the last time i buy from u.,other
TK-246442,chat,Other,other,"Hi team, my Srtata 2 headphhones purchased around Diwali, order VR911027.  Please cancel, ordered by mistake. Please call me on my registered number.",delivery
TK-251749,chat,Other,delivery,package not delivered even after 21 days,delivery
TK-253195,email,Delivery & Shipping,delivery,"hi there,
ordered my orbit last month.  package not delivered even after 6 days.
can someone fix this?
awaiting response, deepak pereira",other
TK-252672,email,Other,other,"helo
cancel order 
airlite",billing
TK-245224,chat,Billing & Payments,other,double payment deducted,delivery
TK-250581,chat,Other,delivery,the courier marked it delivered but nobody in my house got anything - what do i do now?,billing
TK-243510,chat,Billing & Payments,other,This is very disappointing. This is regarding my Pulse 2. mooney debited but order not showing. I already tried lgoging out and in. Fix this or I am posting on twitter.,product_defect
TK-254270,chat,Connectivity,billing,"honestly regretting this purchase.  i bought my strata 2 headphones on 18 may. bluetooth keeps cutting out. i already kept phone in hand. i want a replacement or refund, nothing else.",how_to
TK-248526,chat,Other,how_to,"hey
is pulse2 compatible with my tv
pulse2",delivery
TK-243787,email,Other,other,"hii
order status stuck on shipped since 21-08-2025
the mini speaker vr887959
pls reply",product_defect
TK-249318,chat,Charging & Battery,other,dies by lunchtime with light use - VR904063,delivery
TK-243338,chat,Delivery & Shipping,delivery,"Hi Vireo support,
I bought AirLite on 05 Aug. The courier marked it delivered but nobody in my house got anything.
I chceked with neighbours. Nothing changed.
Can somenoe fix this?
Thanks in advance, Isha",product_defect
TK-246847,chat,Charging & Battery,product_defect,"battery life has dropped to almost nothing
waiting for your reply",product_defect
TK-248087,email,Charging & Battery,other,"HII
LETF BUD NOT TAKING CHARGE
PULSE 2 BUDS VR884890",other
TK-248100,email,App & Firmware,billing,Honestly regretting this purchase. I bought my Orbit on November 23. it's showing a spinning circle for hours. I already kept it in the case. Refund. Now.,billing
TK-240583,social,Billing & Payments,billing,the page failed after i paid and now nothing shows in my account. i want my money back,other
TK-241968,social,Other,other,"hello ji
entered wrong pincode
kal se
hello??",delivery
TK-246654,chat,Delivery & Shipping,delivery,"hi there,
got pulse 2 buds from flipkart 10 days ago.  order not delivered, tracking not updating.
i checked with neighbours.
how do i get this fixed?
rgds, harpreet",other
TK-247509,chat,Account & Login,other,your site keeps saying it sent me a code and my phone disagrees - what do i do now?,other
TK-244543,chat,Account & Login,other,"i bought my strata 3 headphones on 02/06.  otp not coming on my number. i tried 5 times. waiting for your reply. awaiting response,",other
TK-243190,chat,App & Firmware,other,"team,
the vireo app keeps crashing
kal se
the strata 3 vr890621
anyone there",billing
TK-246610,email,Billing & Payments,how_to,"Dear team,
This is regarding Orbit speaker. Dicount was not applied at checkout.
How do I get this fixed?
Awaiting response,",how_to
TK-242995,chat,App & Firmware,how_to,"bhai
not pairing with my phone
please help karo
the pulse buds",product_defect
TK-249934,email,Warranty & Repair,product_defect,"hey
left earbud shows 0% and never charges
??",how_to
TK-250425,email,Product Enquiry,other,"Product: spare caes
Purchased: 20/02
Issue: does spare case worrk with iPhone
Expected: callback",product_defect
TK-251378,chat,Other,other,"Namaste,
Ordered my Pulse 2 around Diwali.  App shows the left at 0 percent no matter how long its in the case.
Waiting for your reply.
Thanks in advance, Shreya",product_defect
TK-252342,email,Connectivity,product_defect,really frustrating.  got pulse 2 buds from vireo.in in february. audio keeps disconnecting every few minutes. i already reset both devices. refund. now.,how_to
TK-244141,chat,Product Enquiry,other,"Very poor quality. Nexa Fit purchased 2 weeks ago, order VR909068. my dad has an old Nokia, will the watch app run. This is the last time I buy from you.",warranty
TK-249965,chat,Warranty & Repair,how_to,"PRODUCT: MY NEXA 2 WATCH
ORDER: VR896230
PURCHASED: 14/01
ISSUE: NO UPDATE ON MY REPAIR
TRIED: EMAILED TWICE
EXPECTED: FIX",other
TK-241219,chat,Account & Login,other,"To the Vireo Customer Care Team,

I am writing with reference to my order of my Strata 2 headphones (VR899127) placed on Novebmer 19. Not receiving OTP to login. I have tried on another browser. I request you to look into this matter at the earliest.

Yours faithfully,
Mohammed Gaikwad
Patna",other
TK-247185,chat,Audio Quality,other,"hi vireo support, bought the ncekband around november 05 from flipkart. callers keep asking me to repeat myself since a month ago. i trried different apps. please advise. thanks,",billing
TK-251798,chat,Billing & Payments,delivery,"Hello, Ordered Strata 3 last month. Still waiting for my refund. I checked bank. Vrey poor quality. I wat a replacement.",delivery
TK-251632,chat,Delivery & Shipping,delivery,"ordder not delivered, tracking not updating, VR906305",product_defect
TK-241725,chat,Charging & Battery,billing,"This is very disappointing.  the Nexa 2 purchased last week, order VR890788. I have to charge it twice a day now, it used to last days. I already turned off always-on display. Refund. Now.",other
TK-253884,chat,Account & Login,other,"cannot login to my account
what do i do now?",other
TK-243795,email,App & Firmware,other,the app closes itself the moment i tap on my device. vr904151. kindly look into it,product_defect
TK-252408,chat,Warranty & Repair,other,"namaste,
got pulse2 from vireo.in last month. app shows the left at 0 percent no matter how long its in the case.
i tried a different cable.
please advise.
regards,",delivery
TK-249534,chat,Other,delivery,"namaste,
this is regarding pulse 2 buds. typo in the flat number, courier will never find it.
i tried editing in app.
please call me on my registered number.
thanks, saanvi",other
TK-250096,chat,App & Firmware,other,"to the vireo customer care team,

i am writing with reference to my order of pulse 2 (vr882400) placed on 30 dec. since the last update the app just shows a white screen. i have cleared cache. i reuest you to look into this matter at the earliest.

sincerely,
sneha shamra",other
TK-240230,chat,App & Firmware,other,"the Vireo app keeps crashing, VR881708",billing
TK-254689,email,Returns & Refunds,delivery,"Hi there, Bought Nexa Fit arounnd 07 Jun from vireo.in. Still waiting for my refund. I checked bank. Nothing changed. Can someone fix this?",billing
TK-240961,social,Billing & Payments,other,"Product: the Nexa 2
Order: VR899288
Purchased: 09-03-2025
Issue: promo code shows invalid
Tried: tried in caps
Expected: resolution",product_defect
TK-245639,chat,Charging & Battery,other,"hey
no light comes on the case when i plug it in
the airlite buds
anyone there",product_defect
TK-250648,email,Charging & Battery,how_to,"the left one only charges if the lid is held shut
how do i get this fixed?",delivery
TK-245275,social,Delivery & Shipping,other,"hi sir
order status stuck on shipped since 18/10
kuch karo",delivery
TK-248387,email,Delivery & Shipping,delivery,"hi
package not delivered even after 6 days
my strata 3 headphones
??",product_defect
TK-250664,email,Audio Quality,other,"left side has no auido at all
kindly look into it",other
TK-243612,chat,Account & Login,billing,Not acceptable at this price. Bought the strata 3 around July 31 from vireo.in. OTP not coming on my number. I already tried on another browser. This is the last time I buy from you.,product_defect
TK-244547,email,Charging & Battery,other,"helo
one of them (left) never gets the green light in the case
airlite
kindly do the needful",product_defect
TK-243302,chat,Charging & Battery,product_defect,Not acceptable at ths price. This is regarding my Nexa. battery life has dropped to alomst nothing. I already trned off always-on display. This is the last time I buy from you,product_defect
TK-243879,email,Audio Quality,product_defect,"hey
crackling sound in the left side
airlite VR892839
kindly do the needful",billing
TK-241818,chat,App & Firmware,billing,Very poor quality. I bought my Strata 2 headphones on 18 Feb. the app closes itself the moment I tap on my device. I already updated phone. Refund. Now.,product_defect
TK-248426,social,Warranty & Repair,other,"Hi team, This is regarding my Pulse. There's a dent on the case straight out of the box. I took photos. Nothing changed. Waiting for your reply.",product_defect
TK-241922,chat,Charging & Battery,billing,"dera sir/madam,

i am writing w/ reference to my order of pulse 1 plaaced on march 06. battery drains v fast, barely lasts 2 hours. i have fuly charged and discharged twice. i request you to proccess a refund to my original payment method.

regards,
sneha arora",other
TK-250601,chat,Connectivity,other,Very poor quality.  I bought my Nexa 2 watch on 08 Nov. my phone just doesn't see it in the list anymore. I already tried on another phone. Escalate this to someone senior.,product_defect
TK-251641,email,Connectivity,other,I am losing patience.  Ordered my Pulse 2 around Diwali. connection drops constantly. I already reset both devices. This is the last time I buy from you.,delivery
TK-248749,email,Warranty & Repair,other,I sent the unit in 11 days ago and have heard nothing,how_to
TK-251485,chat,Other,how_to,"Hi,
Pulse2 purchased around Diwali, order VR901063. Does Pulse2 work with iPhone.
Kindly look into it.",billing
TK-248660,email,Other,other,MONEY DEBITED BUT ORDER NOT SHOWING,delivery
TK-248619,chat,Delivery & Shipping,delivery,"Product: the charging case I ordered
Order: VR897248
Purchased: 08-01-2026
Issue: package not delivered even affter 13 days
Tried: called the courier
Expected: refund",billing
TK-250213,chat,Billing & Payments,other,payment was deducted but no order was created,product_defect
TK-243992,chat,Delivery & Shipping,other,Order VR897373 (pulse 1).  Screen has a crack before I even switched it on. What do I do now? Rgds,billing
TK-253051,chat,Returns & Refunds,delivery,still waiting for my refund,billing
TK-248377,chat,Other,billing,"This is very disappointing.  Pulse 2 purchased last week, order VR902725. double payment deducted. I already waited a week. Refund. Now.",billing
TK-243676,social,Billing & Payments,delivery,"Hi, Got the Pulse 2 earbuds from vireo.in 10 days ago.  Still waiting for my refund. I emailed twice. Nothing changed. I have been a loyal customer & this is how you treat me. How do I get this fixed? Thanks in advance,",other
TK-251771,social,Other,billing,"hi team,
i bought pulse2 on 19/02. can't get past the loading screen in the app.
i want my money back.
thanks in advance,",other
TK-242838,chat,Delivery & Shipping,other,"orderde black, got white, not what I asked for. can somene fix this?",other
TK-242811,chat,Other,other,"To the Viero Customer Care Team,

I am writing with reference to my order of my Nexa 2 watch (VR899860) placed on 17-04-2025. Strap pin came off. I have bought a third-party strap. I requeest you to look into this matter at the earliest.

Sincerely,
Swati Mathew
Bhubaneswar",how_to
TK-243188,chat,Product Enquiry,other,honestly regretting this purchase.  i bought my nexa 2 watch on 23-07-2025. will this surrvive a shower. fix this or i am posting on twitter.,how_to
TK-247229,social,Product Enquiry,how_to,"IS PULSE2 COMPATIBLE WIHT MY TV
VR900756
PLEASE CALL ME ON MY REGISTERED NUMBER",product_defect
TK-248274,chat,Charging & Battery,product_defect,"i have been a loyal customer and this is how you treat me. order vr906650 (pulse2). left earbud not charging, right one is fine. i already removed and reinserted it 10 times. escalate this to someone senior",product_defect
TK-243589,chat,Audio Quality,product_defect,"hello ji
mic not working on calls
itna paisa diya hai
pulse 1 VR895473
pls reply",other
TK-244761,chat,Audio Quality,other,"product: the strata 3
order: vr897211
purchased: 29/05
issue: works for music but useless for meetings
tried: tred different apps
expected: fix",product_defect
TK-242799,chat,Audio Quality,product_defect,no sound from the right earbud,billing
TK-242753,email,Returns & Refunds,other,"Product: Strata 3
Order: VR892845
Purchased: June 25
Issue: wherre is the monye for the reutrn
Tried: emailed twice
Expected: resolution",delivery
TK-241971,chat,Other,other,"hello
i sent the unit in 21 days ago and have heard nothing
my pulse",product_defect
TK-243491,chat,Charging & Battery,product_defect,"hi,
i bought nexa 2 on 02/03.  battery life has dropped to almost nothing.
i fully charged and discharged twice. nothing changed.
i have been a loyal customer and this is how you treat me.
how do i get this fixed?
thanks & regards aditya",product_defect
